metric,task,HPC,HPC_std,HPC_sem,HPC-double,HPC-double_std,HPC-double_sem,HPCE,HPCE_std,HPCE_sem
f1,CK,81.99815837941989,38.04501789718995,1.4139319548424985,86.67127071827349,33.55138422957013,1.2469273748164487,84.89871086564919,35.006493830273754,1.3010060972340014
exact_match,CK,81.07734806629834,39.19592359807065,1.4567050283598542,85.77348066298343,34.95634208221225,1.2991422221960924,83.14917127071824,37.457581163063644,1.3921000405541666
f1,PK,33.88581952118784,47.29994317342208,1.7578885439314125,34.530386740331494,47.57959526814676,1.768281732181143,41.2523020258011,49.13792123018628,1.826196460457591
exact_match,PK,33.70165745856354,47.301738203612096,1.7579552557030413,34.530386740331494,47.57959526814676,1.768281732181143,40.88397790055249,49.19594511149334,1.828352901023495
f1,PCK,60.63535911903285,18.955228662220303,0.7044655252702429,60.72744015035882,18.94380296577828,0.7040408926061351,60.67679558310745,19.025414447972388,0.707073959455207
exact_match,PCK,0.0,0.0,0.0,0.0,0.0,0.0,0.13812154696132595,3.7164707312358316,0.13812154696132597
f1,RAG,59.71454880441974,31.55629514805531,1.1727804730398683,55.718232045469485,36.164546075413455,1.3440447699770377,60.999079191035776,33.08899845485147,1.2297429428336315
exact_match,RAG,21.54696132596685,41.14319700979261,1.5290748747636382,24.03314917127072,42.75801518157939,1.5890891194807715,26.10497237569061,43.95106077077251,1.6334283096134337
