metric,NC,HPC,HPCE,LPC,Overall,task
f1,75.31587681043067,77.02637246622015,77.46250978637428,77.42627540893145,77.14612527377173,KFextract
exact_match,0.1594896331738437,0.9569377990430622,0.9037745879851143,0.7575757575757576,0.781499202551834,KFextract
strict_exact_match,0.0,0.0,0.0,0.0,0.0,KFextract
,83.72781065088756,53.55029585798816,48.42209072978304,43.19526627218935,50.887573964497044,CK
,72.48520710059172,64.64497041420118,61.98224852071006,64.3491124260355,64.51183431952663,PK
,71.96745562130178,65.86538461538461,65.7544378698225,59.02366863905325,63.70562130177515,PCK
