task,metric,NC,HPC,HPCE,LPC,Overall
KFextract,,,,,,
KFextract,,,,,,
CK,f1,54.597701149655165,39.45578231306122,41.645569620506336,42.90000000030001,43.177691310233456
CK,exact_match,48.275862068965516,34.69387755102041,34.177215189873415,35.0,36.18677042801556
PK,f1,52.29885057517241,46.25850340183673,36.79324894569619,36.900000000599995,40.38910505891049
PK,exact_match,41.37931034482759,34.69387755102041,22.78481012658228,22.0,26.848249027237355
PCK,,,,,,
PCK,,,,,,
RAG,,,,,,
RAG,,,,,,
