metric,task,HPC,HPC_std,HPC_sem,HPC-double,HPC-double_std,HPC-double_sem,HPCE,HPCE_std,HPCE_sem
f1,CK,28.912317087238158,45.15916084988022,0.8395984853161846,50.092176518033185,49.974935617397534,0.9291333022688818,42.292890886049086,49.35270046422478,0.9175647150258416
exact_match,CK,28.482544071897685,45.14092873340245,0.8392595140622736,50.017283097131006,50.00864080193092,0.9297599485871251,42.170756999654344,49.391762595845904,0.918290957629227
f1,PK,18.559741905751814,38.80009803143267,0.7213708785599976,27.099896301417214,44.45524008886396,0.8265112003974827,6.507662173062566,24.58737530078503,0.45712813683725556
exact_match,PK,18.423781541652264,38.77450344629694,0.7208950243920318,27.099896301417214,44.45524008886396,0.8265112003974827,6.429312132734186,24.531677057007396,0.4560925958699216
f1,PCK,31.51976034262112,33.255073579626966,0.6182778617022757,52.936974308437335,26.916126276339696,0.5004242423218965,34.17559626855634,33.31547999108972,0.6194009368571952
exact_match,PCK,0.0,0.0,0.0,0.0,0.0,0.0,0.0,0.0,0.0
f1,RAG,41.20175135584244,32.268430724750694,0.5999342115787516,55.30014978956398,25.06161098125367,0.4659451199589739,38.05968429728412,32.84787999435271,0.6107073242743722
exact_match,RAG,0.20739716557207052,4.550149394164703,0.0845963137358247,0.20739716557207052,4.550149394164703,0.0845963137358247,0.10369858278603526,3.2191127456188298,0.059849699029355684
