metric,task,HPC,HPC_std,HPC_sem,HPC-double,HPC-double_std,HPC-double_sem,HPCE,HPCE_std,HPCE_sem
f1,CK,17.032163742741226,37.175791860640224,1.740915959549493,37.8654970760307,48.50815108270151,2.271602302505971,21.345029239824562,40.540232925096284,1.8984703477931106
exact_match,CK,16.00877192982456,36.70901212557731,1.7190569956998034,37.719298245614034,48.52161793447314,2.2722329456207704,20.175438596491226,40.17505554096096,1.8813693499585278
f1,PK,32.01754385967105,46.54850224767094,2.1798333377773598,26.023391812872802,43.86877355125102,2.0543435439795994,17.982456140350877,38.44630506115269,1.800413191400854
exact_match,PK,31.57894736842105,46.53400405976888,2.179154397923224,25.877192982456144,43.84410752211781,2.053188451333888,17.982456140350877,38.44630506115269,1.800413191400854
f1,PCK,57.16374269291644,23.332736596949307,1.092655502103783,59.40789473980238,20.688167855747245,0.9688122240656674,50.38011696157875,28.63524565537361,1.3409682395989633
exact_match,PCK,0.0,0.0,0.0,0.0,0.0,0.0,0.0,0.0,0.0
f1,RAG,60.85526316083308,18.48272814472434,0.8655330469835232,60.52631579232431,18.023611958860254,0.8440329617061328,60.467836260284834,18.938250371017528,0.8868648296838384
exact_match,RAG,0.43859649122807015,6.61538013190248,0.3097935584879649,0.21929824561403508,4.68292905790847,0.21929824561403508,0.0,0.0,0.0
