task,metric,NC,HPC,HPCE,LPC,Overall
KFextract,,,,,,
KFextract,,,,,,
KFextract,,,,,,
CK,score,65.51724137931035,46.93877551020408,48.10126582278481,42.0,47.47081712062256
CK,f1,0.0,0.0,0.0,0.0,0.0
PK,,,,,,
PK,,,,,,
PCK,,,,,,
PCK,,,,,,
RAG,score,70.6896551724138,74.48979591836735,74.68354430379746,75.0,74.31906614785993
RAG,f1,27.793402227931036,21.53426809857142,18.192190694177203,19.36383870849999,20.36869547521403
